,wallet,总利润,盈亏比,最大盈利涨幅,最大回撤涨幅,
489,As8keiQt3RWXg2ocrRNyowm7MBtXqXvjNHymACBRw2SM,6531.229082,6934.986086,9.126253971,-0.003326678,
201,CARnVZjw13VHbxDm6rbqc7zM1x9qjQ4RbbYfKD19Eadh,3466.439023,2231.225112,2.890701638,-0.00115825,
93,7kLYh2f1632st4NtWyNsKFGZ1et1o6CQ6xwVTYT22xLS,5581.023477,1263.75944,0.794217073,-0.983424718,
23,5CHHCkyNWMswuAP9zXF4pnd76FAvfEUrWjG1otBeiaLB,918.5738893,1000,193.358267,1000,
6,DMzwYZKDCeZcxgmJGxE12Zfyo2z8pJLVLZbThtNQBQvQ,28805.44353,1000,74.28076624,1000,
279,CmqtKmDzccP6249HeuXJUvyj91SAkcoEqsNwrDvsy2mV,59780.69354,1000,54.42877763,1000,
53,6JGTXeAGFbxMprDdjWjoXirUCH2BKS2HgGKgDoNPn154,19242.53825,1000,29.41840145,1000,
344,7r6MeDfM1eGFP727ZDnCrYn2AFFFL4gNcp3CmR3MRZqF,22016.77644,1000,28.13059576,1000,
292,7wmKFpRhkD23WXyamkUpcW2PwWBYUFLvKhGo631jaUB1,16788.24621,1000,27.71553753,1000,
207,HehhtcNvaZ8mDAcJ2uXm1h6HoJBvjb154F8NXzRnTRXG,17751.62736,1000,25.5614369,1000,
86,HYStttt9XvrULVdpQQDTgGVoZag5uJm7zbH4fGF1yzcZ,13706.87749,1000,24.22082698,1000,
136,GNenbzXKGW6C6W6DSAhrLusbvDCrh3rbaS89R2dDnpwt,6159.660955,1000,23.06761999,1000,
364,A7Ts56oa6vTuYHyUSbhkXZErVuyTvnZ9xTTkjUrFi8rr,11742.87484,1000,17.59308054,1000,
249,2ajwkDzaWMf2uzYvQi1zEMQkXe12mnM5a68P6r59p2vn,17289.54807,1000,16.96999331,1000,
43,5oTqqchdvKw4tbBeExRgK2NAd6yrD6uocmp9TCYnmwar,6978.682095,1000,16.38577398,1000,
235,HnuXkZ5AAw3fPswQt4iJYZkvSHWfaAurkZp5vKGiTohk,13629.35059,1000,15.50171706,1000,
368,Ckq31o79wSDJQUVTUSGXmQFMTxouy5XNCdzxsSYtJAsX,12767.63811,1000,14.41404978,1000,
458,ENoGfpFkGUNpFrMe6Y4ddSSqdmLii6j8Tbrz4M6MD5Af,10352.06638,1000,12.3958115,1000,
36,3ZiCHcVZ152CtzcnMEbt5d8FzXY7HVSgyyb7c9KT4gpF,34040.84433,1000,12.38967803,1000,
481,7dGN6nT4Ap5CZgKUvu423JCfRe87XqTVFyLVXVjMEj1u,8893.327594,1000,10.70540984,1000,
502,2GstvpUP7xY2X5zGd2YeJ64uPVuVjfvoc9Bt4uNMmvCV,9246.551488,1000,10.251297,1000,
188,2qjnwGaES8gNjpwX3dkSGwmKUHpTs8Swd5Vj2V356njZ,8670.718623,1000,9.685670616,1000,
299,3BHgjVmGiS1vnJW3Q8HqxaSJkc4Am9V4XsZcKdsibewQ,7111.819783,1000,7.647613723,1000,
135,CRKJcJ3ipcdgYk3W1RS2TFz9rjMDGmCzPcoBncypt1BM,3123.124018,1000,7.595041712,1000,
300,hfLaKmoUc3jxzLGFxsNa9LrWLF8L2cZEXXxGj4ARkJF,9283.308293,1000,6.670124963,1000,
100,5MKG8yQ2XSrV5cwJ2ApMFKNhtMW6PQJbRUCvCf5fSXCs,8128.87092,1000,6.370020516,1000,
444,234EGXKMvqYbqVXwRexMHdCrobvJRVjhVsNcvo1atB7m,6436.281833,1000,6.050439744,1000,
291,4EGERviSf5ggYMYQ3dRnDxnKoMyJvk7YR4sRQd5V7FMR,5352.522036,1000,6.011575009,1000,
91,EzJtosHq9zQ43U8rW5Nat6Mbs3cW19p8jW6W48ugPnwH,5377.650379,1000,5.900183624,1000,
298,8rXrvE9Gc9JXnBPC1SghvdjnFc7HpqViKVjH544WeUxW,5004.354317,1000,5.321257556,1000,
170,CzKMcaUuxi5ftH9bcDptSJrQ9A1U5nXNnWFtQcwrRMwS,3294.375414,1000,5.074439935,1000,
417,HbtL4Yg9GrZqHsSJGE4XeodDo71vHujdsAJzhhTqvdpp,2460.475401,1000,4.970138938,1000,
88,pEFRQpQsKYd7UE5e8PE35w9SZkTPkuzbDDw9aFYSone,3740.067183,1000,4.146900813,1000,
272,EfASomG1c9DrubHRdwbMcvoc1GBvdrjQB2MFz6mDn89N,1979.14727,1000,4.07294816,1000,
245,H1nZT4gGJutosWVpFvwzDtSC8suE31oiFKQ7SCqxn1pr,17783.13621,1000,3.695968042,1000,
268,ASU7yMbCiJzXWKLk57awm7n7EYHa2NNjetCnbZE48okD,1683.400504,1000,3.57789393,1000,
94,8DEvS8WavaoyMsqodfAd664sZSsjp8WneM8B56UWJ2ey,10140.26789,1000,3.181239714,1000,
326,FsnyJ7Q9n8wY3d2bszkSgJQDjr5hrzqWgZHdrnSpBo3M,1877.834181,1000,2.714050161,1000,
144,BbYp7Te2i9UZiqiTzCbo99yh6Vtphkyc81xaBmA5NwyL,3393.436013,1000,2.684397788,1000,
386,Dm6gJdZDTt9XZJTyZYEvjSqbv9jjuxwDZykCJTTB49Dm,3010.799045,1000,2.447568946,1000,
127,Gi84v7av39rYMhZFdNszwH9KZ3XRxo3c7RwJ3kmCjbuJ,1364.004121,1000,2.43132203,1000,
409,DHSH1WjAE7m7Cx9EkuuYgSmKMEep5KePhoZx6Xub571b,1196.383081,1000,2.348742749,1000,
261,2me8EunzioZ68wv9wYkYAyXPDqgAnYwfvjNYFYfAwwDz,3325.933239,1000,2.338404263,1000,
477,5jBhFCWjcj9vsrhL1kp3p1Z8AKLmTFArdoepD4J5kSyD,2149.246422,1000,2.042883945,1000,
64,8FAFpUY8emiHA3EJFrXYFXtXxbbL9rwDXnbyyQCpjVY6,7489.214359,1000,1.836676996,1000,
160,8cAb93o9zCB13T97dU83i6pV13p4aMxKFEiysQUKY9vs,2237.02129,1000,1.578475128,1000,
247,5mUvThpg7QiXhFt35mwQPTGiZaSdmrMuQcVhaGg1vGL7,3732.047813,1000,1.525064803,1000,
464,6ur2bkcBNiKoGzwgNEuCKWPqJns2bKBxJqgATti19uJZ,1302.857725,1000,1.510421588,1000,
347,8CnGuyBekZpfY2Rdx9x9B3bBb7Jg1UM7kYuucTStYtHt,2551.63183,1000,1.48371322,1000,
352,Wt5oGkb2jrXXLWQbaX3Nz1CTfwrjreNkttLFj4LM1eC,578.0654872,1000,1.389488684,1000,
134,3r6t8sbnSXCnJXu6nMf6PJTUbiT16ouZoevg6enTSPsC,1281.931551,1000,1.385566019,1000,
124,7n7wQe4Gn36CXHyzuhRbpsWZ4z6QQBQakeqcWAyLvh97,4037.913127,1000,1.245811064,1000,
4,AzJpYX4iDVcsjcy2juDmeEiMBekFgBUCNB3WvoLSfSxm,956.9449729,1000,1.225617208,1000,
449,2tD7Rg6WEtETN1iGUDi5u9X1FG2dfhbevCt9WxbnTbs6,884.9884341,1000,1.077372619,1000,
492,Adn5mViJ9xNeh4RV8L5q4vPXApQGPH7vybtSAaURaZEy,322.5069572,1000,0.987927241,1000,
104,FyFnzfqVJ7LQavkDJmNdHr2CDAeiJDwFxmgAVb8pKfuS,1475.503439,1000,0.979172496,1000,
62,XMHyZgmA9P5iSPgmtifbAEpBN1f8MZKVSw2pACjnJEf,2388.029313,1000,0.941832932,1000,
454,FBwG2sAKuvV1dmbJnD7xeRHc5E7ZnEz3xhU1eLymj6sH,863.5786372,1000,0.866742276,1000,
168,53AkAhY9WsUnXEvMCXL2VxJdw6T74XLWPSuaLJz82rPS,3494.022633,1000,0.846456944,1000,
440,GFWgtadYCXVYCf4qiNpUBXzLjJDrfS51fcTS7e6U2CJj,603.3411353,1000,0.736629178,1000,
1,4y7w5cm4NJccKzASPFdrFUGRijhai4VBhMNZYRi2CZKj,1096.823436,1000,0.724990754,1000,
35,2akAuP3P9j3Btq3B5eaf88iaNrhwRKhzpq3DJAi1fZeA,787.4221838,1000,0.669904134,1000,
73,HYZywsussnWEBMy1KhLeSWRkKjKy3dspsMyHPbMvzdde,667.5214173,1000,0.646993571,1000,
12,Fwq9ALiypQ1ZzGqFb2qoBmsL8nmamB6Y3ZwXqhyFdxc4,3899.219933,1000,0.602615838,1000,
488,FZXH8yvAHcgTp6kPKP8Jp9dacG9VAiCLk5fkhL5RtFRh,1400.02704,523.5993632,4.799360763,-0.799160663,某个代币没有买入记录，只有卖出
436,JAnWwnFnAXNZx2YhhjJSU5YaTBPBBBXm3df8QRsRA9Ub,14959.8144,320.909585,6.973502495,-0.883852003,买卖太快
485,5yCPTSbxs789oBEMTGkVF69LtotorHDAXCUMguunevWR,1404.873517,279.8170652,0.823383014,-0.019956318,杀跟盘
390,3b2ndVW7rAS9FCQqKW6KFk9C2p14K5o1VeyvDm8oSNjP,1887.756598,276.4512215,1.351084984,-0.089561012,
483,7c2XVvSMLSZ8PkkCiZ6VGcBPe4GCGhY3RNA3Fm7NafMZ,18515.28536,274.8467529,7.061785254,-0.077746874,
2,3jzCeEVqNp4MTFQJyZxAetv1mpsZaPAjrLyBQTVL66rn,24305.5023,226.7340477,33.84578109,-0.156199912,
493,9N5bzoWXvbFWEgQL5mFDVQz9yZaZEN9rAJGcpNuJDoKP,2838.821225,201.5640695,1.914962288,-0.022908957,
67,GeZhXGwehksNfnCzncKUzkx5XAm8Nc3Dx1DqUuwaUiv5,18596.67802,166.4702291,100.4136791,-0.364436,
172,CfLbxk4MSKC3eLZDPgFTRKWB2P1wug3M6zfiUuGWmJVf,728.2479744,165.8467801,0.954153728,-0.009988342,
0,CGkWten8XMbTiM7dTdatwGgyxkJTqZnF1vAnKEAz2ZWS,34377.68196,158.6503865,108.5124233,-0.326036809,
171,5V5uZ6hrcuGdxu9KwCStaPZPZix1fvnGXpHTGCy9nMsV,2776.168988,133.3387784,3.525358576,-0.05062458,
441,4ZeVhhXTegPVBeJUEKbMNc6jDeZh8SmRaDLju2HRx3Sp,24588.11282,126.6084759,28.14766534,-0.246979057,
343,HZdLdUbcNJkBGmTYrQ1kZ29GL5AFvR9o3mjhQ9P7eGgj,17708.2417,106.7052854,20.94336434,-0.154057304,
244,GzRVZf7yqxvV746kTjxd41XGWhh5eD2zdAeJjPe2r2CG,61995.9613,102.1515864,86.78381298,-0.780891557,
138,5q8AaQ9trdagc7xDqWPTyovF18ZeKguE2hrVVtx9PGbp,4647.695529,98.35526559,4.191580997,-0.281767524,
206,881VThwLRkP5Wic3hLeSJgyWMhikQ3o9HUcfKq4ks7nZ,6986.786077,75.4050069,1.39461244,-0.061572496,
85,CNr4bekkx2KUK2yDPfv9dtKZXLnfvKFmgatKgCvs9AM1,6306.579681,71.16318343,14.61656893,-0.051387233,
65,D1fNp2Fp2sSMBhpdPb5W6nRjzTed8DdtVKjCaciAjzTZ,4992.496512,68.4758839,2.573230418,-0.201372321,
72,8jwXRHQH7jXnVcmLWMsSUidNcH8ydvpgcoX4DHZLhgwU,20883.23576,67.03883144,58.5008803,-0.731551685,
123,2kt55CkvtBxKwi7b3kwNQapNHhHQxDDXjjhN5Kf6Ydw5,47437.18802,64.65059648,38.56986487,-0.285337973,
380,BJwcbwj2RywEEHLSCZszyeVYnJaxSqzh23jXDY29LUKX,284174.6289,58.90847539,135.4511837,-0.897635905,
155,F4TTCfndharRQVcwD1arPkZ9UuHnJUuYi6Yc8VR4tk83,9500.163253,57.2169351,2.697302044,-0.083260665,
195,HRqyuaFuAwMA3ETtq6AFLnMT4cQeYXFMLNpqw9pE1hu7,8975.177118,55.40852347,3.440563732,-0.223207302,
181,CuZLUMgy5SkMtWQAZSo4sAT8UdepabgN37uChuhjrVPq,5879.284366,49.49124036,207.0417328,-0.116174684,
61,8ReS6DCKtJNSqw3f6U1rQMwX5JTBKykcM7f4XZxVWsdc,1438.734679,49.09686845,2.88877438,-0.094813077,
280,FLT1V6Mc4Gkv8GmZQ9StQdFZminy1w3o3rz9MoREH5TX,11226.91605,44.1882314,8.964245374,-0.847904345,
350,4H2cM9du4GiVZBUNz41FBtm7hQEPz52qwYhRf5v785BR,7002.420704,43.6543423,27.13120414,-0.078667882,
113,9a7TAMdnCHU66wVW4h1uRUbJhStihxiegYJJetqmobE5,4901.100581,43.39236482,4.89602062,-0.93824019,
420,5uMYzEzykh7PpZpJpa6XgHzPJ3MPUEorYyqQFmyZ4oZj,15484.12346,43.23485536,7.785181727,-0.433782147,
322,7LZ2UdiwnBqXMmzFE3MzebNc87nk6HzuLLAt1DQaKget,8138.378755,43.08158676,3.799368162,-0.172468463,
22,CDcTs7R71us4z49kQBMtYLKijCy5DPWbpHLNrMZEwBb4,6839.471106,42.53617502,5.361777327,-0.397235796,
262,859GCGXswJH92j1ma1x3ULLzYBHeiptqwjy9K8oUoR52,12883.79731,39.81866882,63.62670895,-0.464755355,
95,644hYiMHn1Utwy1iaSq6Ufd7tcAP2e3q62upeGGvgGtQ,30330.10157,39.78037224,38.63092136,-0.569109737,
258,EqZ6RQ9V6fBBqrrJUuypeBKjUZED2iDHTXVNG1NnR1H2,707.7832824,39.41442853,0.750870411,-0.023432633,
13,9Bu68kFKHddLceh95c1oMH8cogo4MnxDP1GREkHDDF3p,1066.236673,39.38422886,2.079274997,-0.086151981,
32,Fjkjw8RdNtXFeuD3NnpyvJcwHMZuLqKzTJcHbUA3H3Uk,2344.562953,37.68056787,0.974018496,-0.124774706,
115,DZZ6dE3kCpSC4NZfLD1PHXwQ5pREiwCP4zatzDDvLBKH,12037.0726,37.60538336,0.854089244,-0.398776046,
185,3mQ5HEz2RsuZYAeo4UM78CBF3NfbH9AyboZid6aGLNUW,9927.239948,37.46325775,8.589963038,-0.398853245,
330,rpcV4bAw7BAR6xzwLrmAbSJ17q7A5i4fAZdMg94auLk,13681.48242,35.40557832,24.40935973,-0.507329606,
285,8T94Z78u8i2M35ZaztZKAgEG4USZkw6QvRZnDJK2arCr,7284.029313,33.63417875,30.37314293,-0.415045859,
311,GpT1WBQ7Qbwh5zXJJ9et9eTAy7yFYykUm4TLe2oKEcni,13062.84989,33.35508186,16.82780319,-0.465242647,
407,4njHFhGBYXwCFSX7qrJraDSKJUpwv8oR2efAJgGYTmqp,8572.882889,32.77245642,6.124509296,-0.60831335,
231,D3gfp5ihEc4iK6X4bgxsu9AcQECxec5SBhbtPj9e9eMs,861.0848332,32.70431529,1.139757157,-0.174047918,
274,Brv26qQhKxWCFhnfzmxiSWmc7SBCz7uC1dqUBmKVMAAp,19411.99974,32.62897031,6.085549635,-0.298672422,
263,ACrckiZQpvAFzBFwhwpL1ggnF6h3JifCviRD3UnULH5F,4515.12099,32.17344505,1.175320335,-0.269814645,
367,5rBwbHxSM5KshWeCVaksvfWN6YU1mPEym51BfnHb7jRN,21761.79907,31.91412463,2.356433226,-0.173406886,
473,4yLx5iHk5Fn3YrrsKBZKYU5vDZxrA4eXhd3CKm1AjhoW,5724.204812,31.55150236,13.36380975,-0.40113461,
431,989wRCG4n7tTsLzupg1xgVBSGJ1tGycdhNfP7tdFFi1a,5501.921445,31.52532789,11.08088963,-0.422413348,
83,83tzRUb2wpdRBqPG8PB1bdE1o3JWCMrw2ahUjwdNdtqS,15518.12545,30.82218688,15.0661877,-0.902111629,
447,BTcddxAzC6LrfwFiG3MGHexNQ5m6bC1mp849utCZWTrx,28202.53476,30.5976933,33.73546472,-0.543728989,
338,5uKoo2pj6cThb6DP2WvKD1aW9hF3Sygjx5KRXvQMRVH2,2189.006357,30.32187932,1.902212453,-0.106747768,
234,8vC9dpKgvtZYDqF8cg7eJ7hSBvyp9xkjhNSdv1outcMv,6231.718667,30.22521926,13.15171124,-0.562519288,
369,EzpXPSBCTHngFEVGpwgAwbsWdDeNBfhFxbzCXs68qNre,4931.520204,30.1093156,18.53102665,-0.224262447,
78,BRqyJiEdP6Hxmk8GiqhUUe2CzNytmJ1GarK1x9EoXAw7,1734.606949,29.94481368,2.346873428,-0.27138697,
246,BhUrJ1vvsidx2ScQYHWNpS7zCJ8ixRYGDokKebc6g3Me,4839.031784,28.97889137,5.654640897,-0.580882939,
405,6MnEg4HEy8V23vXAsUC6ZVrRqecVMnsS97xJMec7WgT8,17522.09743,27.2264531,147.527491,-0.827857888,
157,6gCTC5TVg8MEYHAAFiMqC8CaLvU5Ng4JwESwrF3ab6P8,2714.145253,27.09862802,2.992922866,-0.146020384,
241,Bitdg8uo1VH8zo7WzbUFBA8SvCX32yctmBZoP2ByX9Zs,4128.096857,26.03599162,10.68307934,-0.360282328,
366,DtKjZgrePkNa1sYgfnS7R7KLGyKXJM7zHnoc1U7r5n2R,471313.1743,25.68993246,13.44149137,-0.756733506,
90,33AzjWKH9fL3YiAunJyzqou9Z54yKpchTdmTErgdoZ7s,2281.753013,25.40950539,1.719778791,-0.114381345,
384,AKqLHqtn2YTcWSGb8RbC4G1GyGJXCU2TfZo1jWmTj9uN,4710.088277,25.07840124,3.763892246,-0.370421414,
147,9EAMfEuoT5VdhgXNTttn8fM7bT36vTKbrHNx1wSdGeLL,1692.205413,24.43864256,3.190667889,-0.262154563,
307,7JuqDo2GSFcogabkKH44jvUc5G9nhzinzPvYdTovjyb2,3749.566843,24.25821491,5.05748634,-0.295842463,
7,5TCxY1nqWeS59B2SMaiLrBUzNwQ61c63P9xz4Sb6gMjK,13727.57798,24.0339963,28.40119488,-0.784386683,
428,3rUKLfvNrCERSvMdKAptSzh9TdaUwYgupz8p4FwqbPhp,5549.579144,23.91086295,7.941361153,-0.217543435,
40,CHdLKfHiEKA1f9yxFUBPUpFPYgZuz3GkaiRLa1Bijrp5,64495.70675,22.17357649,85.36555455,-0.769217563,
479,L7bcnFSidka8MqWVG3xea3cx3Kj1DABSsqF9RHdxfkr,949.9953606,22.078936,1.369376653,-0.067641869,
469,9Zi9Snb7cTnwBWATg5nu3sE9QKTnPDa754CAFv8hHzoR,3229.74861,21.76981497,6.421015685,-0.49458925,
376,DhWDGy8twL5NgM4z4ut9oqF1pZn98fBS8Rbmp465ciFR,9619.992132,21.65518592,16.70034293,-0.435096443,
114,CcfS5a5uKTTykKBP77X55n1TQea1ACE2dcMJkQN4bcDL,9371.40905,20.73313026,11.21970448,-0.358477665,
56,DfSbNjzv7kw8yVBvwGzR6mPUEFPYeeGhuJynvNytyLQk,2268.692415,20.73196141,5.295946774,-0.216767266,
51,Bq1htfgskzyUu42dY3qye5zP9JwhbMbCFA8bgVwWF8fF,4088.196005,20.70431798,1.56311838,-0.11926138,
57,CFEX6cLrzWxXt4MsY8w6G2urRkBPkb5JL79jBnPN2mSX,11767.89882,19.74212155,5.17113009,-0.713273685,
423,8pXBfEAGwBTVkBwtBXtP5kxswLeHMzDQd8j5wGRMemWK,1784.664156,19.62936887,2.87779258,-0.061823877,
424,RmczREwNrkQpUmShkx8RR5LPA6NqKRzpmvbdZbgwvkf,4368.156396,19.20400851,11.53865348,-0.454535371,
84,DUZhN4JDfi96ohNfrFbh2esZ7Co5B31izKCeUaoavmLp,5614.295601,18.89949855,3.048467621,-0.428935012,
442,9jbMeoEjD2jBLb8kk8TwkBWCvj8KuZzMgWbr2YFQznkE,3205.647042,18.82913259,14.33298214,-0.724002876,
445,7SAeNm9mdiTSdwgQwbAzB6aoLB4EyuyQSXtXXksn7cbH,2594.423101,18.72858821,1.047819271,-0.276253368,
346,HKACBPgKwQAcygA261zTKTeM4aJfGU63KumqNbMzT4p6,3429.101548,18.65637242,4.498281702,-0.591284679,
10,EuaFqRM6M72AwRUgE2HwgCj8hn8SW6MtDCRkvqZWJKAN,13746.271,18.45500898,8.570622112,-0.782925825,
452,8xztkxNriCM9uNyiZKto3V52HbnPQWPLH9dcpNqYpDK1,9625.133909,17.99762719,2.841947387,-0.74335046,
193,9Xq5UbBEG18FctWYbngP3nSTwfVvpfV3TC6qTC6X3Ttc,3598.634822,17.24144698,5.231636848,-0.610959002,
399,4CYLiafNcmfkAfqxk6wefyjw47J1W6u3QdaXDE8brHM3,11987.31537,17.1659991,3.555869787,-0.762752876,
435,7bHZJoPnThtBusNEqR8q696y3xq2RxRVco1SrRW1hZvj,2595.052488,17.13573292,7.699176795,-0.511524017,
354,FaAF6Y3pfrC8ZVAhxao5T34zdLpGoxMYfb5HAxjYbTDn,4047.245194,16.98732583,9.069806043,-0.343650951,
33,5bCdWwBnQcNy2BwTjmS9Modk9xnQS587MYDegQ7sHdtE,3701.621619,16.80997589,2.64042366,-0.135768976,
58,3u1MsxYL44qQWTK91sTUYqz5YYxy91siC715EJcoiVip,2754.678378,16.39101548,2.213425174,-0.13131762,
321,Cri5m4HsPzYVyjaz4odj7dpFjhB6dWqA6DxdZopaQXXa,2578.683095,16.26230915,2.258175401,-0.243535125,
406,CH8j4YjUNnhxUv7fUV23ZrFGZBV66neCM5JzF4RPjgKB,2823.94162,16.20655436,0.927251714,-0.289602908,
253,CvZyq2ZTXLoRSupAYz77yBgrSbVFSZxXW4vQgqyuLx1S,3335.574943,16.09734394,6.913259095,-0.232248181,
294,9sWd8QbyUS99sT9MvrRZWXe1j4HRPN3yhEkhJuHJuUMK,1078.54463,15.90124677,3.63343863,-0.401558971,
243,EuJ9DU3KoQAhuDmrCQB2dfsiVCmAkfNNRzXU4Dr1CTXK,6819.426717,15.70497018,1.588889285,-0.934962562,
394,5CFihSKgFbMSmfiiUBfXujGi2Q5YV4Cs56aJo1x2fCAa,3154.340568,15.30766161,1.957983992,-0.350169079,
480,DDwaWMxAMEJV8ajsYHbzE7qkkJvRKaaoWk4dyz6H9z2z,3348.52577,15.19080706,6.718243248,-0.265455737,
50,4HZjVh7qAC1bhp51dTcihWm2JPUrwA4sEfZa9PaJip9k,1430.320561,14.7032992,1.942385283,-0.156410436,
385,8wkzfBWGFVu9KXCURGg3X7uUzGbp9YvYcS6LJLSKxwyF,6056.723481,14.41734558,8.973626448,-0.589549168,
306,7gJfrXvfUvPfcy3mJKFSsbV7fsQP7GsK6sttxWaJacq1,4525.708604,14.39541699,10.95830622,-0.473940847,
329,9M3miS1Dk5E6TmMxwLzNv64HU7EGsLVCSnBQ2Sn8WVk6,2007.713699,14.0701165,5.806269834,-0.40521343,
391,9RYHa1GS34EQgEjzUTf6cRwtUFzdAhygeK8EP4yQuxFm,5961.524935,13.73601802,8.209291664,-0.478267147,
232,5qFCp1MeM6cAMafNUhai6sEUEm7xbFHEgKDvKggPkg4f,2713.34098,13.6752836,4.847748695,-0.59035829,
411,1F7s2hsJTxk13bPspEpKVjkGUpb9oVeUM6d1fKTTXaM,7665.928151,13.47383471,16.97198675,-0.434163402,
110,6B7Z7UBZWnqGzqbXm21jes7dK1w4xzHrT6PN9DNA8n2b,20075.47199,13.45924242,50.89982266,-0.277345071,
128,8DSii5GHqcRSufWsrQu1i3oDTnyFS5iD3Jc9PjE7XzWf,7485.176671,13.37897703,2.875127444,-0.560770465,
312,GsneDJXr5yHyAkA7ehLRM89tm9uYeUGZZ7JCTE33Bbw5,2186.485894,13.28948223,4.273801706,-0.469251422,
237,8rdq6vTVPZchYC77tnXC1r3SXr5oETEzvDsWTb8Cr6Kj,2567.411992,13.27300891,18.34995103,-0.409315643,
8,GZtwK14agrVHre9eUXQkGP71Vek7ZPXCJnYpcgecbBKo,2158.957938,13.04938336,3.153040253,-0.230121371,
403,C4bNZVZBoCHvg4pBsu3bF1Mpm9cm4GAUWRXZUpN8AJuC,4875.886859,12.99913995,10.38013227,-0.44041172,
499,5yVAkjTNNXjDoJg3uDq1RtrAaB4TKcNNnoWUnyrVwZjH,11257.90823,12.58546693,39.53705386,-0.928682363,
69,3yeG7HFLpEyosSgZhrcHhYN7NGCeEe673MThBZFW1ksn,10447.1872,12.5812489,4.412566782,-0.388300798,
153,FFxkKY9HiVGocX32UHetuMmLWUGAvLjUgPQPoFGTVG3n,3542.286469,12.03025965,4.549102054,-0.359366819,
37,Dv3e88dKknh5xG3ocZn2ZwDMqZ86tzPrmUqyhbN78EFR,1070.108877,11.7428378,1.660139679,-0.346534351,
425,ADHDkYY15CXJ38GF61caWSeTncAYawWPqMeZdnR11WRw,12027.89695,11.58241709,18.23609534,-0.449544787,
496,8n2hTZ37CvMfhBKJaHUaG41ADyuuBsEju39Q9yuEzW9C,6957.340025,11.58056756,3.474001825,-0.343611616,
309,FZgcaq8dV79rDV9vTwR7Den9SA7wcxVdcx2Zk8vmYYTz,50294.05446,11.49436125,13.57042907,-0.724576243,
44,42zaMJYomfN2ugwRrxzhbFhYFX9vfmb7Phe9Q6WEMhwo,1312.79873,11.22698963,3.023898961,-0.302403073,
226,CWwqM3GEXmSBGpwRKtV9AFJ6rJ7JMQ3KmyXpmo53bwc6,1187.506017,11.16787304,3.812760266,-0.347027169,
219,9vubnnm8B4FGWM4b8poEQuUvCc9X1TdhvMKBzXH5e2AA,1265.736089,11.13677549,1.924096196,-0.986641819,
457,2mfBwjhprA1YYrX2nEixUAKs9sGeNree4V1Gi4o8EWu8,19763.52696,10.96003359,2.913970429,-0.961632751,
387,8P572TPtVoKiSeLnq5cTB6WKdfnX1LMStoaAumnUtR9C,6556.846596,10.88855623,14.99922408,-0.29480535,
284,35UuA85tDXn9wADHrbWZ9ESSHPaj1AxzUFWESnvTvrKd,8116.82398,10.62390669,6.662037279,-0.678712791,
42,HKbetfKcKAW6QbvFC9rTBGkcqywMuXSccyFdyN1kKKGX,7397.246396,10.58419772,4.867052454,-0.632570703,
125,BniFKNbSua4SHvaC4o2JpZcyEBAM7KFLTygC8DjhAd2R,1036.824732,10.2083854,1.004929594,-0.284456983,
156,EjTUXcNh9rweCW9Qrs47Uc3GTyAJRDCZxhff8arF1XFa,7411.433274,10.20131234,3.143254185,-0.940447974,
230,CGTHrWXThqfeCPUeqsULAWwzCpFvbnjd2hwuLyEDDd3C,3176.330279,10.09380118,7.926414911,-0.501751337,
166,9BXAGobFqz81xH1ZvHpUp2StvA8wM9zwDCAqxobc7x6p,2895.459924,10.07256087,5.001182634,-0.268628487,
15,Eyg9cUKPkxKQ6HfipnRjCwZ9cDzY97TebwptWRTU5dLP,1761.506084,10.0518287,1.674920954,-0.082567873,
215,46fnNr16T8DBoxEDRnW8FakcmeA3VpKnR184mmCdFz8d,2525.848713,9.957050676,0.949357436,-0.285531906,
426,H4K5LjkjXVRBsQXJig3xq9L6co6SfoqRiqnih5iohX9A,3264.966313,9.897508926,3.088845448,-0.591429374,
500,AYV7kuzMDJmo8g4qXg2PSbpXS3DNJTm5252bE5rKxex6,2097.47288,9.682151971,1.728060437,-0.614691656,
504,5c8RbYJhpFKthVQ7mdJAkxXo8jvfmf7ySZ6edEuZVRnA,14977.31088,9.532348863,2.791751597,-0.398231809,
211,4MS6LoC4uc5awCbXdgMQSdLbCDQZGWnm8eRsC1qLKXA2,2066.881808,9.530079572,1.279213999,-0.533687576,
455,BULn6dAMbwvXJjHKBjNznAK7E3CXK982F7S5GjcbpBbW,3415.395333,9.306338072,2.521759691,-0.582640768,
353,BfiabaMofJBpu9gPTRzSndsGugdaSH8hWv1KACHt7XWX,2548.915275,9.251603754,2.63158186,-0.543514951,
248,5DsNusNEfHLwT7RVBVFe1zK8WV7f225f8yaJ15qHHe6t,759.3572768,9.174829718,5.304994115,-0.588217736,
392,5xKx2ui7N6sARAaM5wYL6SPZEzzauWqCTDTwhBiBVsov,1265.910901,9.045044231,2.362324903,-0.224609879,
220,452dhN184EGz4gTAq2EYGVkkepnzt7zVM5h8Y7jzqq6U,4042.802487,9.015591637,2.242628257,-0.457191335,
470,7y8sW9Enr1Ebnwe6HF5FXy3TFJ53VmjawLshoWte26MH,4880.570365,8.687260478,4.983037119,-0.491117992,
494,HrZMNMWrgu35GBekPctvqf7Yt3LH9aFifw6nj3gtJ3h7,1752.4911,8.363825108,3.238556986,-0.529762126,
293,CaLEgH1mKCqfAw3XYfFA72sTjqVzXPUobSpZGhCAYDhs,6601.81488,8.349810864,1.835760488,-0.227655195,
490,8oWQvNhgfX7twyARvHGNjr2m1495tkSx6rzPYUmbP1qJ,6013.290702,8.295869279,2.226592634,-0.440052307,
432,ENM55fTvs1zJtNm5T2W8f8ySLp8owuPNn5oV88T8U3pB,2401.249025,8.128227549,1.420874623,-0.389837896,
45,CTgjMKBcDg12xdhsR8nt5sTwDTVLRzzpjKuGNUB7iZ6j,1183.643692,8.127290972,1.731647942,-0.234957024,
21,9YHTagyrCXrF91KtHnZuB7XNBToGeQ7sTVynQTvAJdXD,6375.512392,8.085429054,10.19368841,-0.753348363,
191,2DJwdEGJqav9gfP2YudeFD7NG93PuB3uPJuKrgeXKvpt,4170.19401,8.0776744,3.148455337,-0.414182808,
151,AA39RuosBkjxgc488SuFbuXKK3RQjpBQtDsRkxrWvXBh,1650.644933,8.013147589,27.95304966,-0.347891113,
256,8YoV6RwcKj2ziPYwrd5j1vmAR8BUi5yavwEtNoQxfvfR,2554.998598,7.937219601,0.770908905,-0.422339291,
373,AjzQHN9C9dz6nZNrG3bYuY1cw454q9sSxLZDFWf6xcHa,2354.02062,7.851054432,1.840395291,-0.640637669,
265,4vgWaa2WBJQnCHJcRFggdCLSbdjRq6uuvYdaGPckjzp6,6371.417006,7.823204839,9.075562609,-0.859137106,
145,jgvxdVuT6RCnjHs9kzczDWQmiU5EFobTptX7guWbnQ5,5659.913739,7.813777644,10.59875435,-0.640523019,
39,DF8XjWqR9571nSdgiChwKWoJEVorGsMHZtVgjx2JML6c,1039.725669,7.794983152,0.709584141,-0.146348783,
254,5jaedVqFxPifwtkVk2FX5R18KcTdvUBq2yYw8zuX6mBC,1921.228714,7.733891293,6.669236358,-0.435694373,
414,HHfojYyj64Qd1JmvhjPxVFTQ5iUxATn2tLVEY8xYf8xJ,9577.627207,7.713477457,5.262852505,-0.615732144,
459,YRV8QeJxEWY2uuxoTZLcucqPBUzyhcyok8S6LHrbm27,1340.453874,7.655158572,2.405198197,-0.367576016,
107,HPNv8FnQhj7dv1nxmJAyKXK3wekw3JQP96DRcYiFPVtN,871.202028,7.609706448,1.97788472,-0.3667149,
92,AYSD2HxMqECV5SPU4FSnzHXnED4BNCuzkQukLAZevBTA,3024.568193,7.522289957,4.888270836,-0.496248183,
178,3nLJy8714C46NHqzzzPBEf5QJarEueeweRW6HzX4nkyD,2491.194941,7.468775209,0.929220263,-0.182508429,
228,5YFCstEZxHUgvGdwaktAfRUqeTLX3M7iSAPmXmuz5pXw,1616.276242,7.45110378,2.962954106,-0.915571605,
427,E3hJD2bMdCba6AjnRDrP7kPpCgBGf4WjZSAdAeyrAUgH,746.7472618,7.412618087,0.793125452,-0.269887972,
233,EV4b6ToQviF7Z8fYKGnikviAfzWMParjLWLyUFSZXDjS,1959.285781,7.408859909,1.867636007,-0.643418911,
388,84je5yL2jtvYRtpnud9fR55FNPZvs2y6v1sX93YDbFRN,1611.005955,7.408834853,2.244099599,-0.216943928,
327,BoiaEAd6y55FtkqihH5g8PyGMMDZgvkNR5hn4Eqi8aSA,1828.864159,7.355353411,2.508648489,-0.502115017,
389,AxFPpq6enoQWt2VjN69ktjegn79VSnwa63kkCHTjC1SV,20481.80475,7.274622456,6.556763238,-0.983905516,
101,3affU2TuguuyFDBnr8cNQVTqRyqNsHBDDGeEU4pMnitb,5549.358823,7.084790325,0.99839574,-0.975598641,
99,9BQ6edY93GX6UdufNDYGnUo1wU9yPQjTRYn5DByue3Xq,5317.523356,7.006420933,2.529239897,-0.77697968,
332,FkjujaHzGdf79Yg4dDG7cjm48pKP2xwxhve1jdPFZtBL,4786.340889,6.975265216,2.430582338,-0.634231489,
216,61DdPSZq8zFx4tyVz1WZ1yRGcjgMgrQWygBgwNxY4zqX,10524.29843,6.879983737,120.6905837,-0.962866973,
310,8vYs1auP4jHeamFFYuYbwtvENUk2Ky4hkk198MT6ZVuD,8006.89562,6.824488261,16.94674212,-0.585210525,
266,5uBRSYKkPXZwAizPb8SUvj9q3YNKTHW9Vgf5NCS3AQnW,9840.937445,6.77132522,9.387599497,-0.645961474,
264,F6C7stUCm23sbsoK8xW5aVNW9h9igR7FmFxtfJ81cWdg,19951.05584,6.628205202,18.85270524,-0.815559514,
433,CW99FAg2TDtnfCo4DQ6vLq2wTz8jHU15MHPXy7wsCKVz,3654.617766,6.609408137,4.14003424,-0.337276045,
295,7bSq1J2ro3JNjXAZpirY7UxzYDEZLW1aGUEBaJaWADxC,5159.382399,6.493346193,2.317656313,-0.674655526,
217,2QaQdSuafCf7jVFFgFeMVAMBr2e8DukewTU1qsfwXnLf,3188.896456,6.446780358,3.389914364,-0.664404201,
120,ET3dN2EsE9rcPaZK5m2XB6XCVSsiZLqevDfahKSmExAs,2039.909288,6.428434289,3.637386712,-0.341177097,
398,GCiq7RtrTuha782DXKgD13F7N763Te2nAKx82iGa371A,4560.717819,6.361776567,7.492744952,-0.78477015,
152,947bXeywXUsPcaWPRLxC4hALhc34KhRwLsbr37gPq4x7,1531.688254,6.337902645,0.81475336,-0.628338373,
89,4McMvbsMuJTSTVUUMWdHnGmKNaHdPkvGqk7wj9VVDPuq,7117.492356,6.335401254,5.717035467,-0.735953477,
96,HVorR5Nf3rTqgVjreG142ttYEgzNhGaRH1zrviyywQop,5264.054005,6.31463138,2.839352914,-0.960948181,
379,H1cCVmekd1enJ4T6HrS5dRQYbSLrUddN1L5txdY6jJh3,3441.845162,6.201336025,2.239347122,-0.426806991,
360,B1At3HKX2oHAb9ifwdXt5CuyFt71cXTeQCixMAWyF7Mc,3322.110067,6.193544014,2.203357781,-0.469664628,
404,7iRRCq8Mz18yAk43vevfjSxHYKgeCaKsNnEagA4kUV4y,5002.366125,6.151470825,7.277372184,-0.85198992,
192,9dLnQ2PiboL7Zqo5Rb3E6vuRri7oJEngJb1DfgZGQTSb,5957.624071,6.028548509,3.314176859,-0.481803707,
63,FiWD6G1ptxykVVUJpi6S3Z67zAzXAyCCg52WEomLgTP1,3069.063254,6.003670276,0.790513834,-0.839611078,
348,U1a6Z62AUWkQu2KyyGp2o4yMYPg6dqySGrsZabQhThX,2305.07093,5.954376045,3.116487608,-0.690839352,
30,4vePyeNEZ4zfAZYJSME3YQsXWG2QYhqrHktzrCAWb31x,2282.377929,5.953625166,9.757720156,-0.722329455,
416,HoBtRyxeMBsdgfzWajZM1SGW64XjSJixEimFea7i3pgH,9488.399498,5.893033199,1.448915971,-0.71750537,
177,FRr6CLQ11cdYe4LYw4WWnXdaAbzjxeJxdS7x6PvyqbWD,2377.985378,5.87422789,2.00708616,-0.905535968,
182,BL8fvbjfSjJVyiobkNtbNDauxYzKDPffawSyiCqrtNiG,6563.023244,5.851245312,3.731173404,-0.61916114,
487,GfC2mAsjRCHa1twXNBGtd29Kv47qSzmmsJrdv4zvvv6T,2646.844478,5.847640058,18.31208493,-0.577309827,
408,Af3Xr2d7H6z899JXBUwbRyk58tVopgDUbxk5nw3CYysT,1985.603866,5.753262402,3.74187981,-0.658915688,
331,FX9nN2UTdM4czZKUbsDDqL35PGK94xk8CdZuh7ngnssd,2122.116572,5.710087806,3.030420225,-0.7311313,
179,BaxtcCpXvSgHwJ887LQyUrEiW56zxVzpJiLb44bdY112,1350.134767,5.695281378,1.569758028,-0.367880697,
315,2SZy2459KdZ6amETvA64TmsXENKzYQCDbbmgJ8hKyjTD,10533.25923,5.659871491,8.160458174,-0.757544187,
60,Dfu1fYhR4F16ETwAfGb9T2JuMJns1wJb9gX3TZivuqnt,2755.229841,5.652889327,2.114660769,-0.671348282,
3,5k9Red1LKkQdTm486NRE6kEsmcLCQpvdbLZTbfH7fXFH,4697.059216,5.609201057,6.976798099,-0.662121745,
378,NgaigpFBp8YhLo49NBk4iGsveUEGmfZGWMsN7cbC5B2,5550.682887,5.575416083,2.392177437,-0.630802057,
130,GTToZkbAMhRzmnFbjtSHYqUHPSFsvjBtwszcpZRNndoN,5994.16074,5.450970148,5.835728384,-0.676064707,
47,SCK1Mbbgn73K1zifb11Qi3pD5c8ytEVPACp4aRZNYRn,1954.071247,5.128879101,8.324835869,-0.833027925,
286,BdjtRjQ78dQsi4U1L5FUZUtKiZ9kEzRHk9xiF9LtQ3A5,4604.429818,5.11826115,0.782417806,-0.479788052,
82,58SqYdjc3jD4Hb9pcnRMBxAAFy377CCa4m341zZxysvg,11471.54168,5.107276128,16.11572165,-0.99032972,
200,5R568TQbVNd17kMQwct5feofbGTJaMEXYKEnczSwcfQn,6469.045209,5.063114783,8.666333197,-0.480122127,
269,APDD6CFm6S8K9RpM9dtBLm6GD3M9mx5LJN64bVRcsn6n,6172.695116,5.036703908,2.769500997,-0.65207485,
413,4ybcbx3KW4KKZjwQedQH6ks6w3uSnfmPiQY5dnQ2EnBX,3259.527663,4.998273141,6.571630483,-0.864018666,
224,Be9nLUbi3HdfgZxbTUJgR3MxKziDtQRtAeSjKfk2g83A,1581.243713,4.963685125,3.154427041,-0.493999994,
283,CZD94aKwPLB4CkzM7AuxjdCMoxML8vmoNeuEnL3NvXUu,806.2099024,4.946281527,0.911359662,-0.37708782,
443,CpGmn1JC7qHL8ooevgc9DXeTTGLJ95fSU7JNT5J54y4m,3411.785595,4.87668208,26.64941239,-0.998592501,
337,B6y51vM7DFk1VQViJxoBAefq8KHe4aYDJCnQuXLvD8HR,1866.037673,4.839846327,1.540386878,-0.192830696,
66,2zqx4hYMTdziAyUzdkuWFnPUiaGYD57ETzSmmAK5iQJ5,1221.723551,4.794178035,2.170343001,-0.565778009,
363,7z5JF83gKaw7BfLdeSkJVBmZQFDF6xWbFdH4C4iLqvdL,3381.944267,4.747046803,6.077104975,-0.588606133,
227,5jakjwBh6KNkHzxoXMjXCrMqGqf31b7h8QD6xHWinLav,5666.598229,4.732844255,2.477209415,-0.099441535,
375,4CBrw3wDP8exTUEX7F6Ynktbbjf77pioCENptQHnGqw1,4612.821871,4.679969846,29.11433473,-0.962245463,
351,Cq3L7Do32Q7YvxNrqAHCM3drvw7uBor9fsXw8Kt8hjme,7339.025728,4.604148868,9.003962582,-0.942815326,
212,37zbKnGnUCztRpMm4jY5Hs3Jb3vMyeDybgsq5euRieeb,4335.091933,4.583539232,0.650313845,-0.520290394,
198,3Rorhbw7KkDA7QCGpA9zq46hmv9mNNE95qh6zbKobAr6,5121.393124,4.577728212,2.701458656,-0.610047299,
314,BkNRW2NNmJf9oxTJveXcY79hNBpJyZ36ooETSk9q3jbN,6048.080884,4.549166278,2.948611201,-0.751507591,
505,EnqjusEbJeQCwWT8SLsFUmtpSqcB3FSgkKaJDfajVanS,1280.619029,4.523693441,1.072353376,-0.229605181,
273,8Jwp5fTguL2YLjcHBtGcrN2TMepWM7mG4FVN3mqHHsL4,4503.075816,4.490432548,0.868491067,-0.999999961,
105,4sFCX4JiFuV8aTY9T9rnXJjna6zkr5ECeFhZGBxWSTMK,515.7627073,4.447097183,1.110626089,-0.770410346,
26,8zE2CrYWbgVgYzteC3iptxUpoUGPcVBJjcXziJEZhNU9,1504.864106,4.386133603,2.411517111,-0.57147734,
397,AA7u4hD412cd6oGg6HCAgBSLm7GpFTrXHgm9b6KHJDMg,1750.252898,4.358412901,1.759399167,-0.496160926,
288,FpJr1JtvjkoPkUeFGbqdBpNzxtN9RSTzezYTkRFvDzr5,1321.155386,4.33732413,3.736555805,-0.824450709,
117,HNfqq1t9W6T59Ryv7wJA4EVkpezTXwzf5mH2fqhp2yeL,1102.648869,4.264822073,4.772329682,-0.60629293,
28,8168p1dMuv7gdVTAEw1ZJ8UYPQHGZFXv6rJ77NtuLa2f,3897.930102,4.197226695,4.960538345,-0.734526626,
361,6CgNrasNF1zAVVo9bxmsWawF1YZLPh53ASo9v7Z1WdJe,515.1267746,4.144729571,2.673492405,-0.165799591,
59,BGA2P8afGSNskwaJEsGcSLum9QpeYDVgqeAodyGHzeoK,3236.976309,4.055449478,6.811453382,-0.975970231,
183,2Db6WaiSmsX4c6WWvuMSWm3u52pSHU9yFvkYVVSeQEFD,1795.531637,4.045028239,0.56548304,-0.750400051,
103,2eVQqvDwRrdcbGGMcSULbj1ihJG3ngj669KsXh9sv6wg,1265.942873,4.023038403,1.247166969,-0.240894978,
400,J23rH3NBbSjAL1QGEGALRZYWjJhtd5R1x5dMHbDN8eGt,898.1041463,4.017534739,0.702392641,-0.18283369,
342,SpfSSE3E1q9GecynY5DjtTyyQ199NWztpkcaQFQoK4y,923.1978934,3.985707539,0.611651736,-0.456190891,
465,J6rTCxr2B8Sc6PeNcJZiA3QzuofL7Wb8rA9jXXhUUZPU,1423.319759,3.883679834,2.334697606,-0.438198396,
304,Du1kPw47oAwyFtbmHt9i66ZFstxEWQY3nSVmWfDgugR,1596.94652,3.861546109,1.481809644,-0.477167876,
370,CRhLEdw7CmbeuWzu8GgaPPwU2JYwdHygiFD3pGHn8xzK,2701.529477,3.857987949,0.921542194,-0.931155105,
204,9f9rPvVNDSQuCmwzvZsSNg7gFTvjmvnqRUXScE841zRX,1824.287056,3.846587022,4.848556223,-0.837851258,
209,4xs41q8ddSfo3x12q1YUbpfM7RESHZy6rmgWq6n8nXZ6,2046.545445,3.779792249,3.679522422,-0.311571624,
158,YrwJbjwrb2sVgMnhH9ECbsNCJJQBtdgkVMcy4GGrnaB,1456.402206,3.724096811,9.078016775,-0.776788084,
282,3vX73UwdmPN8s7s6kt5qi6xu4ztK5paCqphMeCgVGoDT,2569.683948,3.7088212,0.73353506,-0.586355856,
186,2JJraciR8ErTXc7fBcUcUEHcK8FCxSPW2msx1pGFme4G,2255.043521,3.654993394,7.312600267,-0.744898153,
239,Htir1asHjRgPjAoG8hZdXyVBzVV9aUuvcGsyGme1Krc2,2097.532576,3.638933826,2.26306407,-0.726816067,
287,9dPwXw273X2bnvt8dfqvqFrvbZqVKmH9i6cLgb5s7GU6,1275.830509,3.637850462,1.375371215,-0.615053964,
175,3PeWNknsPeEdkmr5UeVJDmVNDTsb3TCoZVtpbZU8BXC6,6242.299111,3.620759277,6.454269448,-0.878200017,
9,54RHQRH26QnmDc1Ln9npStnc5eBeKSaH1qgXgojYwu2s,1406.585602,3.507078538,5.943324694,-0.220258149,
260,5ATCghak1hVTWFkbphoEXLdGLgP1Gmg9Yj1nLq8WodGC,1532.498738,3.406105679,15.38363318,-0.983176461,
281,73mbNcX5bUtfyUGPa8UMi91wjrtowWxd8FtpQChFdCXU,1142.766675,3.308461078,2.168226247,-0.560511453,
355,DXKDVUP8MqyX91V7KK3JS9A8UxDdAZ4o36WhH3yiJjBh,1622.679228,3.284440093,2.492551071,-0.894737913,
55,FdG3MTLCwTG2ywbCJ1cyWawh28WpaP4P6sPLmxJqpHZs,1643.80449,3.271303528,1.41328071,-0.759767704,
202,9qTBAwB2dK7V2XfXwpC9aKgTLpYybzj8t9Pxyw7zDe4W,1654.435528,3.256982374,1.705596951,-0.533572324,
199,8u98gTd8rH7C8joL9G9qbLKMTLNNJDAKn6uM68oYVNtV,4280.449344,3.243307143,6.910413438,-0.685707511,
164,AnB7D4eQBtM5Uk6Ck8uWzQnGunrG3rJhMfppTpCMoP7a,1553.667526,3.235775441,0.850640795,-0.239174964,
275,6DETYoPSjZwzhtUxnPgpnRKq3c6HPG8xUYAz8uvQftA2,1025.843962,3.234447284,1.656913842,-0.344827483,
18,DBstfzqZq2w9EpSAoPMgn5PSsrqmbYxgx2n6cXUTB351,2580.155413,3.193583477,1.789420576,-0.999999437,
419,5egVBujbGSdTZGH4qx75TQ3Az3T8SURyahhV1cb5nFqk,30138.08187,3.169846828,77.50844484,-0.990077879,
14,Gm5NsLjA1dfCFUTChCUSKZrXppueC2mhJtWLxZ3q6oFc,1942.247803,3.118467485,2.244340966,-0.713939477,
77,B641BTEPwtsSLMj85pSSve8yGGbSazNkmjWuiko99RvQ,3984.998843,3.055570561,3.507955716,-0.761339073,
29,5QAoJa1N19JVStryBLHy9BxAgsnznwcudyrhGDLnVkWh,3777.670839,3.052547543,1.558736729,-0.641098569,
270,AN6nUfk4iSjrKJokjrQjrW5aZafu2n1xFyuhDfR8JEeL,1351.77837,3.009271098,1.953583121,-0.718486231,
450,2SUkpFMC3dCbFMCn96BTgVRdBBcihRGULyVRDRQ3yGzH,2038.347087,3.005459587,3.259343438,-0.052982314,
118,Fso5xQDjr8p7rtAjjLqBBFUX3Udj3T5ub62JDYbPmyRj,3707.827805,2.985755045,3.572657841,-0.816299251,
438,8KavtCiD5vdDou81Nm2DX8Qd6z1Nfqmjpt4Bksan1SzT,2955.514263,2.971204839,6.447084591,-0.605987467,
446,B83z67uCjP1cme3gHztbhL5JmbPxqh6WXjMgVV9bFc1w,532.8122298,2.953369115,1.114409108,-0.999882585,
374,FeNZbCZtdYKiNdGFi4GbnTizkjj63NR21SmwEyZ7fbDW,4214.285733,2.934527894,5.263782157,-0.370981538,
242,CfTsviNdgSLfL8fY6zq4HFwgWAY9iK21zJZQkmXZ89EY,687.9719768,2.917245268,2.176159131,-0.341205788,
34,CDqjkhg78w6AeK6WDxX8X2qDd6YyM4Pk5wNwCBNtCYYG,4465.026193,2.895632073,2.138278193,-0.747487125,
250,4BJEH24mNTiNLTUDrc5PbHQKFcxkrg93uaTAdb2ctrzc,1561.154342,2.878743271,1.680004574,-0.363412864,
87,D1HXNeRwHqHjqw7fbMyEvwo6afZGaULbAx3rhcaEphLy,4672.028761,2.874994847,0.6311378,-0.797228226,
320,SXnJd7KkmiL1UFXwCEnd5V5PPgrfphijhYK5p2o5KsL,1153.169089,2.873538251,7.806093158,-0.939741735,
132,9jBwWgKGDkcbdX6UTeBFDoFmF1CoMbNoMir5GhiZ6M5i,906.9728569,2.793375615,1.159592786,-0.601034924,
74,CDe1xxHc9RBWa4D9eYWC6fiXNLv2ChAZqyuxPzgCKJhU,4227.363863,2.779146236,1.97786153,-0.863902406,
323,9GNSv94hGDfxuDtxKpun584sBAvbdfkDSgeFFXZQjckr,4508.26588,2.740133262,7.9196028,-0.421731327,
402,6wHv5xjDQJTW39ahke8BwGnJ2YLgVQj8vQ4g9JptkVUb,5554.643806,2.72045981,3.640928529,-0.870190826,
122,6eJRqJJCEKRj3QGhd28zpsQFz4rutEqV2kQEc7pzEXuh,1096.157708,2.698136659,1.928031514,-0.553415333,
430,CtStRa5CNbGnvgjjAh6z7omYhf2myLm3MYCkvif4iFq6,1637.915476,2.697126894,0.75619405,-0.471706548,
223,Ggn8Jddq99ReJ7JEkTj2hhxUKW3G6cFqZ929HTbgkDd3,2150.028239,2.683126191,2.242708606,-0.682216443,
79,8yR4feKFTi5ZphmnbddogAUNEUFz8oiPkL1PxGDzeafJ,2833.973599,2.683103517,5.574075326,-0.721389447,
396,BDA2CWiJ5hCo7p8A7c6hUzveGbY5Kr8LvwN7oaxA8J2s,40315.31751,2.672620763,8.893615448,-0.948367757,
163,8hFf64TWSTUvbNCUaesehoAnEVQqp1wwSRx3CqTzw73o,30170.98864,2.557419235,72.87796623,-0.838540073,
142,5vj9u6etV4qcWaik2D3dXKDRETAvDJgvEfxbLamCUH34,1196.793208,2.553347132,1.737500216,-0.718991201,
339,3txpdbUPHfXYU4WDZD1GGBbyQeDfpG12WXdoKfawNGCh,538.4827014,2.552466502,2.774974028,-0.775323523,
131,5Bzh6jTUpJyAccdR92UT25x3Vvrr49xN9CQC4nq7fYBk,2194.418107,2.538089171,2.383468795,-0.988565223,
146,Bofpb4iGdAqG3nPddmBMQfEwPyrthp1MFqiAwKkpUUrd,5182.405224,2.52026823,4.081568585,-0.912729858,
491,6Qvum2RL5SLfvTKSouKiYJNYLxY1z59GBx2XNA16wntA,1569.637228,2.509121531,6.57075017,-0.553558529,
80,KaPnR1M4VXc6bgYz1cQbaAebUNoyhfXnVx1URB7FaTA,2304.314576,2.464343326,3.975939774,-0.725665103,
98,8HFqWc1djaYCQBqv6cds5VE7Z3uihhNADJqzt3hc73JK,2286.542911,2.461139472,3.085784489,-0.616646026,
461,HLHJypKq2tMrkT2FSvQenCuCWge7VNW9CT72cbUSvRQD,2756.78665,2.460196628,5.082367422,-0.609852891,
139,6KH7mNc6yGpck45EZRPrYXX9WgbMkbJjbk76HXNpAXgL,1258.142009,2.458345164,1.335418379,-0.590394602,
116,6DpiuYD3bMYfBXURoHB85ELWXRDXc5G3JqRDDYjR38oc,1727.212219,2.411273964,2.945712782,-0.597448054,
225,EXfvREUjfsrGdxZ2SjbgztQMeHuFFsdbV8RZ8VoU6o1X,1436.966531,2.396689267,0.822180587,-0.830306797,
456,GfJV5sCYUUG947Tg8EA4pWUqHtoccALCyPW3VejK37C4,6721.06627,2.362033231,9.315326937,-0.934557815,
349,E1ueFzvdyw4SH5anBaUoGPpAhGYYLVDocyRR1QXn9hPZ,1739.716515,2.35438042,2.644648916,-0.556706235,
162,EJ3zzjXujS9TX4E8tRdADoSFsFbHJF2Hjc723b1PuVjV,768.3531111,2.344055679,0.651599473,-0.34488679,
121,H3petskNaLhspCHGLrxyBa6y92JfYHTbmonGfxDLXaa6,1756.710937,2.330001964,2.531221944,-0.840898615,
203,FsmD5QQCar94u7JVDm9xemh5w6Ht4vnQp1WgvQ5awJxT,680.9663826,2.307654564,1.740992882,-0.645054518,
324,F2FLqZZ618dFYpHnLGgHTHawJkzhYCK8UpSVYdaXmQ2U,897.7721185,2.300968502,2.145928086,-0.699228942,
271,8th4L1EcZnpMRU4owaVYoxURQKCKz2CyKXKmyqihY3n6,1055.494673,2.281392679,6.781058175,-0.581617155,
418,Eh6tyv6WJ82M8hpjvBm3tyRQPHbbWqmtkFLt5i9vfE79,826.3060454,2.279257444,1.479757881,-0.804628029,
208,CRSP22so6ejrvnjpqBKFWjVvSFtXSXkYHBtG6jqs3P6t,3566.05475,2.268969346,31.21232893,-0.628750642,
362,CzHk4Vp5Ts8h32zQFX1Go5F7jeu5Zx7KFGth5izp6Kof,7071.248183,2.256848962,7.888758185,-0.811588932,
49,FiwN5CU2xh3Uz3zqSTHRx4obJCBA6H3XLuKdLWegcUGr,3654.788541,2.247263075,4.117079215,-0.877861512,
24,4DB1TxERS4imNyK8J1UEWvnqJRRZNJnGAGZVet5LbDt1,2650.915899,2.224768497,9.035711913,-0.984810507,
111,8gtJ7bg8S8AdVuJ9W5mAVnaszXBXSA2oCELBRc7NZpqe,847.6339468,2.209563623,0.984617319,-0.680517428,
276,8qJcrWgHX6BuHBCg4JqSADfUu3ijsQeVg1oQvq61GdsC,934.166624,2.206379233,2.217508904,-0.708964454,
377,A6QUH35JEn4Qn2MsBhTktwBLExM943AMjU7wHS3PtYh8,660.4541632,2.172931389,0.827768973,-0.416822082,
70,DdSj5jHzGm18urPeRN3VtheypBUbaL9rZLhdRw3os3p7,835.4509558,2.11705519,0.824951657,-0.914393878,
381,3J2ypct4Ep8phGBRkzaTwiyo1NWh5z98x3cJwHZxeRsN,2139.349777,2.111631659,5.108416132,-0.992285862,
462,AftnSsxEVHWu4SxfFoeQi1aPktA5yQKyP19Uj1pkrTru,1344.038072,2.102332559,2.330606695,-0.955395831,
143,EZQZNjUz6a7EU3N2zUuuvEypt4WUB6xH2DVWQ1dscUev,2654.203999,2.066757988,2.806097072,-0.93190608,
196,32sCmmvR3jqk7FpQoPsgp4kB9PCavZqp1FjKa4mUhv2V,1947.092582,2.059295475,2.839288959,-0.814955573,
184,7mrbnS4CPgBdPrRvaLP7EE9JsBqFLcjTmicraDBV8EPK,1266.690921,2.043584311,0.820387571,-0.440735183,
205,EucYY5GFNRbvsCGFW9ZUgU2fz1URFcJHpch3DxvwL76t,698.4109461,2.037990587,0.737691526,-0.579105979,
190,6qfBX1W8bJ7F6s8RHC855adX1YBmGezDfMSjsLjMyhy7,1987.541073,2.037694273,10.98272166,-0.984665973,
498,BhFFbwvvfVPxn1Zr1HYbJ7pyyq92898xAcySWmnhqALE,3818.545994,2.035310125,0.991718244,-0.804886864,
150,5K7y5ETi8TDB6VyekSUrcsqeJaWzTjtQwe2Du3JRnuCk,1179.826257,2.01541595,3.360914721,-0.576652129,
71,6ta6oddHd4DUMaBQqSgP1thbLAFPwXuUD1EBL8poaqPa,1430.276737,1.994699908,2.390894019,-0.480426121,
501,3y9TH7txWQEdUWYcJGs6D2sdoisKZrh8KEpzJKj88wng,917.9306437,1.980174801,2.035181068,-0.76774412,
255,DpmigUXFKKG9BvBBi1q9uLNcfqZzS21wmAXUSZQbxWsT,4736.266307,1.974317564,1.14580483,-0.31215512,
236,6jGY5H4Na29JsFxDbeevVemebGX4AhC2KXGNgFHQPsbj,1122.775634,1.959928167,1.504974189,-0.856065785,
429,6CftEKDketUTQLevePsDXtr7nRsFb7PzqkLXxyDAeZWv,1118.711278,1.928207418,0.731370397,-0.889627068,
421,7KZVgyBNqGr5amzL1iaM4DxfyxWqMdHb7vDBb5o2T1q2,2798.602329,1.924316627,1.122721603,-0.792718777,
210,CKusLA1ionfEeN2vBdf2q8g2PTEuqASAxQDEqZGzrchs,383.0149857,1.923933453,0.822580747,-0.777931683,
154,9V7anzUH2hPD86k3wGi8YqRBWQzDzhqDtRPAawnkYM2E,2266.332931,1.895373456,5.771807935,-0.610306825,
140,6QKQCEHKLep8WtWDzjuz7amMxR3oqX9gBHHECXmiP4Ey,1449.964384,1.88572438,1.009162585,-0.41603093,
197,E5Xh9S3F7beKdv1LDkMWxdwXgayEg6VZcYvcDEArGQ6,1440.207812,1.884344494,2.248525074,-0.574159545,
334,EAmX1AJ4ixXQmXHRyd7k8pesJwM88hKYt9jrs9bKrDLp,2168.891661,1.880288431,4.311607111,-0.603902066,
497,HZqBDz8yruWw7Ys34UdJCk2tMNUiHwfRiRK744n1oezQ,530.341017,1.879626928,0.847195684,-0.930533817,
221,ETRJUfJksY2ijtnEysaG36uwhePPix4H5mj43EiNVJss,2153.413481,1.875153683,1.668572041,-0.604226278,
41,4zGf6Bsya23W3P7Mgr75PemZLh1KveGRZGohwRonsrUJ,951.2555505,1.861049195,2.809001308,-0.821566683,
75,Heu8dMCBubebCsaSBteE1t7oT4n8brkLjbfueUD8zoNn,1094.331333,1.842998269,2.365859335,-0.942231631,
345,CMz6LHcZvAbeK62cwz2zLAohuKG55SiquAg3Pq1Q8NqN,3653.790148,1.828404656,3.289652869,-0.839673125,
126,FMT3fL1quFyEZDSJi5fchdwMX5tYyyt9Dw7tnRTNG7b5,1136.745247,1.828004428,0.902843395,-0.969361796,
335,FdM64tn8dX92fyvy525d9RD6SPdULVL7ZzSKKeU3W3rm,273.2299225,1.789758898,0.725511813,-0.52037839,
328,Hp9T5tgZvaqJqnrYWyq5n16zXudfn9BH6VkKWirz9GXF,1541.351113,1.789255149,1.455191598,-0.603959908,
318,GXMh4JjJdqVJD6ETCHxHc2UrsE541s1VjJyp459Vic53,1199.876846,1.787962513,1.388277196,-0.732340073,
148,FieziYXudLQ8xng3oRGj2vLMLtoa5R5pUGF4v9y9X1s7,4426.762301,1.765110156,22.70279333,-0.963577119,
313,9m4963yisd9hrhnXQrKJNZpjzwdoGVCBUWH7G4DHcjy3,665.8805977,1.758624946,0.952694404,-0.663684544,
161,3NX4eWimjMAyeHumftgVYD1yArKvN95EGk581JvwfURP,1604.196363,1.746923498,1.749219066,-0.613143118,
165,2JY7BeGgSaFZBDFd43egfqA6nDWTfcJ4v2chWdxqDmdt,2741.507487,1.736520823,5.23632351,-0.922026512,
467,ZivgMwAvKtEbGMZDJTUDah7cnq8vdmyDTGUuju1TKCf,1138.354963,1.731213196,4.847144262,-0.922504236,
297,6qk2YavvXuYwQNNug7ijQ7jj3VZ6o5NmLj4Xgc5VerVP,2447.445055,1.72919587,1.432276705,-0.889166552,
340,EFSDnp2WAnuBbxQ8HbTo6zSaWMj8JW15GDM7DR6dx6g5,443.4322452,1.726638536,0.926452097,-0.32715597,
415,9WV1AXW4rbhzXvzU3JLnAE8DDhwD496r8DW3LCVHnj2b,598.3901533,1.700954683,1.086412927,-0.489877207,
475,4Ec8F1iWmkXDF9AgHggrzPrKP2Rsz9FiUKVHHxHK4mjR,1075.59085,1.67669675,0.950625921,-0.851315459,
482,8PX9ki4F8dGqqYsftyhE3RUB4MyCavDQgLqjWo3QCFST,2236.156715,1.661646884,4.723153074,-0.871826277,
189,jrZwuhUCEhzd3pqB13pqfNKxfKk9HGCQVWi5BPMyXjJ,1094.143338,1.652901545,0.601722831,-0.308166784,
25,Bh5izrVz8aqtNUrRVcmD9YBweEwKtGpr9WjcJ9vbwb2A,1660.143521,1.634072791,2.037382021,-0.525313026,
106,9UatH8EignAhBZcvgWt9LVJjKwq61FmWnxFNJpHc7tng,488.4358155,1.633954032,1.958853501,-0.428441557,
357,78k1dwKZqBQR9EeQDVtQvxG6bVrq488mS3Tn82tn4kTV,432.0991544,1.599830278,2.796911936,-0.797826046,
149,CUn7rtn1spmi7SXyCHu6vYwximwA5H697YLfHkUJP3UA,3517.8935,1.597258234,3.418120628,-1.00000141,
448,EMRadEmoBYHrahaTFwCJSPmmkWakmtJqKJGEEtEH2Qdi,1734.112357,1.572010861,3.039511246,-0.711819518,
325,CsRFquMyhnSHCYhivFxWwb11dKsV78LMTByHEZ7oNYX2,1704.074922,1.565510599,5.473061405,-0.99424684,
19,6pPZMQ6HUe6yfSRFBoqeULFHgeNdQLnTPGQwG7p3jrrx,1525.027571,1.561544407,3.461667247,-0.984832085,
336,A9JLuiEkkrxRMXu8T2R3ici8zXkSZLXoDYDU4x9cXsfn,2871.824901,1.555477204,7.07829538,-0.785832513,
289,9tKVWnKQMUaCykCXmrAwNgG2bbhuquoJrzczNefzEQSk,253.7952351,1.545923566,1.38814358,-0.488781668,
137,UqqjrrK5D2yiu6tD5FFWTNU7nC2mYWxVREBbYmjr4ur,4931.768051,1.540858433,6.942047687,-0.865789312,
167,FRWZg1PZfSK6okkmo7BMAwbnBF5kE9ZzdqPa4eAt7n2P,2423.859091,1.537081574,1.495763487,-0.482985942,
371,DsM6BcWMSDsvR3d2sRAu1YZA81ZseYq9QRjsCfiXqcDD,883.9909368,1.507600979,1.859511763,-0.705283822,
503,EGnBFUxGVP64cEZ4pktpvKkBjBFsS3CZEGGybSGghpkq,2216.116378,1.504399768,2.546685826,-0.825880835,
278,BFchQ5ZgdAZTU5ymDzWnEekkttLUSem6Md6XoCFExxdc,363.0262216,1.480452588,2.639460664,-0.714165081,
68,AQkqK7WotCedDiUmL8nZsNxFtETedxq2AwuZGuvGSkGf,289.1072845,1.479305072,1.019679083,-0.521026951,
302,3ENjFrucTNiYR5qQgrC5EeUBd8rJW8kQsTExDB9f1DuW,4174.082802,1.478779883,7.14587761,-0.573906063,
341,83FRt66kVwBQ3domXz8qcMj3B3Cg5mAccLDm6n8JPPhg,3221.898489,1.475696381,0.822299621,-0.556753824,
27,79KhbGut2DNwzARB35LJ4DzHmxLCqfp8JZhFqcf9mJhQ,687.5009036,1.453299153,3.041102118,-0.539647926,
356,Attre6eJB3erC4MKNSHm2Xdoho3rGPDDXHqpxPAvezLa,541.5668123,1.44928358,1.269572833,-0.681627979,
141,DRk43uA68RWDTbqG5shx2F8Jbd78dxXFbce8dMSyw57m,382.1603704,1.397616028,2.058354867,-0.675901372,
359,ExrsKrrBjDqCaXM3VZ4LH7z9XbVf6dUfLLMGn2Z55pzK,812.9765767,1.377149968,1.553720818,-0.942821316,
180,FL5prBXk6448BPxenFzTbyZ7iZ8BFJDgc4567LGtMzFx,1976.636707,1.373743732,1.375379027,-0.445231645,
495,5FMkJh67M9KV5jrFn1WRsanHXd7cd6ESY7rAMuRKdj48,1361.526518,1.368579023,21.51723784,-0.988479986,
176,G8ocsh1vge2pM67idfVn4DeS8BRwyJZSnBwHsFhCT2mC,3078.781265,1.311891855,2.679237569,-0.838412479,
169,5nuY9nzbBBm3J3tPfN1EnoT4qqcCQcxojL27aV3Q1GPD,1236.879047,1.296836304,2.024017079,-0.688228633,
194,CAZ2Cy8a2bGufA5odBLD5iRduT66BdZ9UgRbZvg87Hs9,179.3881141,1.271429804,0.797133259,-0.630198431,
240,2TXxm8MnkAFFhdY56itNrMDmV6g9c9CbycDi8QR7aLk9,2609.812865,1.264766327,1.351435697,-0.724428667,
439,9jYy5AAtwFvmunxb6KGiaaapiizSzf9s6pd8nAMVu3RT,173.329063,1.245283085,1.553379759,-0.652024343,
54,En6oSM1vVQHRCt8q6PeaaTBVpv7gb2KFAwvXZXRSDEsb,1005.521054,1.230883913,4.01752366,-0.493552818,
412,CzbFYfr5HmRUhk4GB5Z5bwscMZPqDwdhYx6j8mMgryS9,1280.881213,1.225203307,0.920331483,-0.73297326,
20,F8E9KvxjGY6NbBvrb8M6JLNwqewdGpm9RyWcxkdqGkX,267.8374667,1.216888911,3.024795875,-0.830626344,
471,FKDGcPkRHufxJeZUcJV5n7wUAtM5eBNCuuLX95e33d5i,913.2855139,1.184632597,3.638096959,-0.943366494,
187,12VeE7FgpMBh2kqZqAy5SoujKmy7mq7xUQbXXuPrisQi,643.7374008,1.137552278,1.63394841,-0.798359892,
303,CQ9cJLVgSHYFLFSKo7ZSXN4N4mzd4Mh7RZU2Ngbw17gP,14892.07782,1.122000633,2.867781925,-0.931662993,
333,9qtAhzfYcA61t3iYGySoGBYbdpxwxC6x17LstMLkcEJD,308.4958893,1.11369676,1.766418772,-0.936203989,
478,9Bf1QGt8AQmFFkShbaHd8N37QtkHpbYHjCcmCCzZhkak,57.23414917,1.095352138,1.490284206,-0.583492766,
474,GKnG8NWejxLSjVVcWV3kbPBZXLGFY6aUZLFfBKGBL2am,256.4288598,1.093819929,0.84718212,-0.74450513,
468,9T7ctKfZhoVY74YVNmSQxEhK7p4cCBKcJi2kTU5BC4E6,121.0995359,1.079307424,0.873357685,-0.595670991,
129,5QtGnLSuK1e6rrGouxfFG5ZW394EjbSVRCwGMtVSZaS5,278.9691695,1.076238831,1.331830411,-0.694279898,
476,4spByDRhNrNidQhSBfne7mA6gPFwYidiVzNurwAUesaU,151.0288052,1.07476159,2.588395854,-0.879248796,
5,5WJgXMwsG1P7qxJFga89zH3TS9Ab4LxAvZwFwn1jLpYB,255.9770496,1.03656303,3.360437836,-0.698834686,
301,D6vJdKrqUSHxBjHZj8ZymVweD5UeqgDQ6hchDuHvxn4p,44.43176715,1.034933129,0.835524221,-0.749767697,
422,64wWVF1CRkXCmQyz9XGVregdrorVanBPrCHoZMYA7vrW,124.5032192,1.027349671,8.809219788,-0.911184714,捆绑钱包冲盘，不能跟
319,6abh1LC8jgnnmV3URhkRH5MmYMwQCTScYyWhxN2mAVQ9,20.27260896,1.002513021,1.89624266,-0.959463518,
472,C2tgNhPkkTnhvmUWcdsYb8Qfityjyxk2bbkyFuW7jyB9,-25.98493973,0.996921638,5.86562419,-0.98802983,捆绑钱包冲盘，不能跟
484,4gTEkDoeXxjkonjQFu5wTaZpRHPZKCrM2J19ZGxqTXhQ,-239.6637837,0.941511134,2.425139712,-0.973849021,
451,7YdYvPWQfZmyHUBVFP1sHxLzTuLvjdvgS7a3T7bgtxWY,-379.0051386,0.941252567,3.194871104,-0.906265398,
316,38mSzuTgvTxSuZRwaiXRLdp63VejYESefGUsrwM4bWGN,-127.658203,0.92485825,1.011377039,-0.977651195,
296,EdpzapayWPJcattAT9RAxWZoWYd4YXHxHj2iKwxumAkn,-147.3182587,0.911667923,0.88067538,-0.544788465,
46,ENUfTb9YKESAXpsmAduNQynSXTVx9Hdge8kpkPS2xMDH,-280.7679847,0.907667086,1.460480163,-0.999792826,
453,8vNFW3XL9eJhSTuSCbHf9c6NoiLirCNjsKu9XiFJF6Qv,-94.08651201,0.880180313,1.605038827,-0.744361343,
308,8MCYKoaqtX9UrQsDTkiRWswv7n4ReEMTD3uav1Xwar4q,-177.4257829,0.876398546,1.094314197,-0.933289979,
218,8DCjpFqRaxibjYDrFEXAge5hrBtFUq2VeYWgZvZFqRZn,-295.4988254,0.84517475,0.757349887,-0.823620547,
506,C95Wx8QAPoDDz9PEd85mWfDGbEpB8JX6wDFKf3AXcKQb,-767.6191803,0.844995421,1.565192255,-0.981892539,
463,3Vcd35prJgKkcvF1SSimFHanEvq5GS15RsnbWuM8XKPp,-326.0386074,0.833592388,1.918328798,-0.998144062,
410,6JSYpg7Zd6xpXobxcecVb34dbut8EnYLvVEKM9ZQhFPx,-177.7790257,0.816426654,1.591167272,-0.573615115,
238,3b4TzCqe3QUkrCNjD9Uk8XoAvmtZRE65Uix2jDGNa148,-1101.636437,0.811293241,0.935858979,-0.933018507,
251,CwMhRbmFCTeSc6QsbYQd2dYFi7XWySZAPwfNp8Ma6fgH,-397.2359729,0.79556731,1.467823712,-0.860526299,
38,EyTmhwPpEUxtquupc8mmnp3bSiJbqak37Lt8gvCFNQkP,-754.8861852,0.791218175,1.664763527,-0.953053108,
213,96gExySSXX7K8dSKBVxm2zRDrfuvX6MStAL2LReh4ioP,-207.7228481,0.777131772,1.641101054,-1.000000308,
460,EwWW8r6nZJpb3CBSzJsw7rLCNw8hqcVkCD7CoWauuBYv,-278.3296253,0.775645077,1.305772052,-0.979195589,
17,HN38cjE5VGLqMos78cAEM8tT6gAhzNqJ86m6jnW42Ear,-2766.675933,0.775244261,0.620615505,-0.952488981,
214,CzFP4C7M399Aw1GF61N3jmRXAFvZo12pkcgCmReidkdt,-385.1805785,0.772328755,1.762180714,-0.981836793,
466,8vgQ2RdB233WJWmFegio5Du4WawiTmrPPMxCYj3GKVsa,-1623.586294,0.768451418,2.112895137,-0.996548446,
52,9qn9pSoXmpJ8a9gS3xK55vABqeVthictDrztUuFF7VJG,-3405.855239,0.756325366,4.210465367,-0.919145266,
317,Ea6Z9zQhbbwJQLv8BYCJZXxNyLCbrE5j5nFucLpqqn18,-1602.682088,0.746892544,2.39731296,-0.744380129,
133,9yc7yeeVzCvkxJrTJoni6oYGq6yQY8xAm8W8VoNptKdn,-473.7240669,0.743741832,2.475983948,-0.838006574,
434,7fDrbDeERW8a7L1PtZW8wKLqqWN2wi7QGK472BsP5HS,-537.8023522,0.728217861,1.81964896,-0.66834397,
486,sKYtmqSeTtFuGEz6GkJJEqbmMe6jMDaoGZqWiNgTy2p,-1572.276414,0.709727637,1.211049182,-0.835502147,
31,G9gDSDJXb8iXrtvzq2vpnTjZhfn2Ts577Pav3V2pADhH,-19467.00843,0.688786444,3.925546394,-0.971613303,
257,DjTY7oVwfq8QUurqUNqfyH4omKCSwuS2pDKZuEnsE41k,-1550.953266,0.662276799,5.500058082,-0.9903829,
102,DSarLKfuhEMprdmkva8a1MAdYj73AzZ4wbCsfwHsQ31Y,-1094.210348,0.650972225,0.988890778,-0.901217576,
365,4jBgcxuekDCPGxPXMdj7RB9rcPkN875QxQFUgm6TJyGw,-511.0459662,0.625617135,0.837908666,-0.929800262,
393,2u15QH9hRKXnsUoEyYsZ2iiizeDDnZTtUcz7y3rgB5gq,-6052.876671,0.623181652,9.887437583,-0.895245982,
252,8Knp3RDE3AhV6grqaUjH9exVoqmZCSMkCVgRkhs5Vm9h,-1807.211085,0.604581811,1.487194722,-0.596309387,
97,A8eZVPzjHKL1AhtDkxeMjR1aQQpMkDXcqAAFKgoAYEvr,-1055.075903,0.598936207,0.93745945,-0.928248067,
358,74sJgDB4okRjqwAtJKDZrwZUb4qQB9CHfYwJULaqDXcV,-910.127301,0.598876836,1.639783132,-0.857922826,
401,FcfvTdHK6uqD7syFRWAuAM1nhDo6xyoUiuZdkHQ8vWCz,-3312.94732,0.595792734,3.051418471,-0.892784751,
174,27WXLj5ZjBpj8XrhbcV7DURss9BdVb4NdJb152dX5mLG,-1118.704277,0.588280179,2.116285183,-0.952527485,
108,7eAxpvQUeo3st6H1R1ZQH8iSZ7Mgb39QxsmFja5StHAE,-2373.878654,0.580490382,2.947911884,-0.881446726,
159,85Krbw3RYvXbBjc5QraoLWdKGZv1MqiSmiRSfKkVbh54,-836.5069498,0.574478092,1.107105984,-0.86129885,
383,Gtdu2g9jeYU7PUuXbbfVocmRgr8GDJ7uC8DN361JmSnN,-7522.844771,0.567919265,6.276044035,-0.999999999,
305,1Tkw8KpT4FpoAGDYPCKtraMdUJvEQDk2FQ7goXaWoXa,-1014.795832,0.532672296,1.64458187,-0.854065542,
11,E9KE8Bb9GuFfmr8yY7g3nKP6ZxVS1b4nqhX2zXLHNctS,-4010.260624,0.520713202,2.436227189,-0.986634866,
109,4Q2GZ3YbjS6N38JKUvtaN851wEfYJBESdrcoBqxP8gCY,-966.8749536,0.514084068,2.520060276,-0.687728773,
81,7CnmBLchSPQsCBPSG9Mf1d8AnjLfHWAmPK9v7dESqBkT,-684.7078973,0.511339066,1.759666386,-0.932301212,
16,6UKh9YHRsEkuinGwgRre6Vbz2zATvbvFCBsUHSaaxZz2,-9476.969696,0.511325414,7.62070435,-0.94046561,
437,4Fw3uAar2vLCaw2FmTa7L5Un6D446ANW76SH4jGvngKD,-655.1159927,0.493949757,0.916434218,-0.64193682,
267,G9LsuiZvTNEzfuCHihxH7RQ1XiaAjEk2XrB1w8WDuipk,-1228.973061,0.491862732,0.555182424,-0.94152968,
259,2462iPR7d3zXsoucBQXqTWu7G1jS1AAEUHAc4HZ3Dhkd,-10223.66137,0.478573728,1.252825903,-0.908805554,杀跟单
76,ASZRL1BLLiuQLFKDqP3uaM2KcdQruY3KiXAkopaVgQ9Y,-983.798663,0.475846269,1.491289138,-0.821020412,交易记录太少
119,AjCVW87KccYWV96Qzh2dPczqi76AoJKyrYJwFoafEMSd,-993.7454085,0.412525642,0.915233643,-0.559850008,
48,6LExwBnoKZjWMracDFEZqnqwevRxotKmQJ6JwKybNi9W,-3163.512177,0.372096316,1.832965179,-0.993435277,
277,EweggVE5eSFaCHg9xhNDiZ5BcXE1reHfPcLjt9vUmVSc,-7937.976135,0.370530313,0.735539815,-0.959338102,
372,Hcwa5h6v5STSxqRvwcENoPbMyE2JJXn4voWrXjN5y54g,-546.1900866,0.349413786,1.001977451,-0.885628474,
229,Co3UjQihisiG49g3WaginkuhuzRF8kSqQh4T1zVnotRT,-5081.559235,0.330609044,1.234722662,-0.91088553,
382,3R74wVWaG6utd2xbo9YLhTETiNqde4rzQUnRXDzuRYkn,-5364.805256,0.293251741,1.476944304,-0.85933226,
395,GyP8cXTsQjpDjCaLQ3C6u8CUYcHY9ir8RjYGFYAUyHU3,-9392.29752,0.257296206,4.971722501,-0.637747269,
112,4iX7q5PtXiXD7cBfHNpEqCqDHRUazuA36yUeWtJRXQ5o,-3192.027117,0.251872491,1.334340984,-0.926393659,
222,J73WM85ZnEpxFo9MnZzAEcvzJTHDDhkNWgJFz915CdbM,-4472.285158,0.163677373,1.773876505,-0.706766158,
290,EpMa811dGMzVCb6auhcSZL2EH5AzddDdNCM78TyMnutG,-41086.45265,0.121730059,2.011676671,-0.689022937,
173,Azkq716frhMJo586VVyrb3mEzGzMo5uPZeLsoFY1HEyR,-1352.450922,0.086451512,0.612533215,-0.665584313,
